camera,serial,frame_index,unix_time_ns,image_file,meta_frame_count,meta_frames_dropped,meta_capture_time_ns,meta_camera_time_ns,meta_is_damaged
left,44814142,1,1772205307667992005,left_000001_1772205307667992005.png,1,0,1772205307575018000,5245327645806,False
right,44814140,1,1772205307880042271,right_000001_1772205307880042271.png,1,0,1772205307788784000,5245541468369,False
left,44814142,2,1772205325235002933,left_000002_1772205325235002933.png,2,1,1772205325131423000,5262884715021,False
right,44814140,2,1772205325234565407,right_000002_1772205325234565407.png,2,1,1772205325131357000,5262884702657,False
left,44814142,3,1772205325321428393,left_000003_1772205325321428393.png,3,1,1772205325182276000,5262935585384,False
right,44814140,3,1772205325321661737,right_000003_1772205325321661737.png,3,1,1772205325182295000,5262935573393,False
left,44814142,4,1772205325402950958,left_000004_1772205325402950958.png,4,1,1772205325232251000,5262985562319,False
right,44814140,4,1772205325404764352,right_000004_1772205325404764352.png,4,1,1772205325232259000,5262985550689,False
left,44814142,5,1772205325483947801,left_000005_1772205325483947801.png,5,1,1772205325282233000,5263035595095,False
right,44814140,5,1772205325487949619,right_000005_1772205325487949619.png,5,1,1772205325282284000,5263035583841,False
left,44814142,6,1772205325567147884,left_000006_1772205325567147884.png,6,1,1772205325332275000,5263085627855,False
right,44814140,6,1772205325570632637,right_000006_1772205325570632637.png,6,1,1772205325332314000,5263085616977,False
left,44814142,7,1772205325649037386,left_000007_1772205325649037386.png,7,1,1772205325382794000,5263136107352,False
right,44814140,7,1772205325652221011,right_000007_1772205325652221011.png,7,1,1772205325382793000,5263136096833,False
left,44814142,8,1772205325730657946,left_000008_1772205325730657946.png,8,1,1772205325432537000,5263185916767,False
right,44814140,8,1772205325734523058,right_000008_1772205325734523058.png,8,1,1772205325432532000,5263185934529,False
left,44814142,9,1772205325812628913,left_000009_1772205325812628913.png,9,1,1772205325483149000,5263236452089,False
right,44814140,9,1772205325821471879,right_000009_1772205325821471879.png,9,1,1772205325483171000,5263236442321,False
left,44814142,10,1772205325892221698,left_000010_1772205325892221698.png,10,1,1772205325532909000,5263286233584,False
right,44814140,10,1772205325898025890,right_000010_1772205325898025890.png,10,1,1772205325532888000,5263286252097,False
left,44814142,11,1772205325968839166,left_000011_1772205325968839166.png,11,2,1772205325733857000,5263487062674,False
right,44814140,11,1772205325975273225,right_000011_1772205325975273225.png,11,2,1772205325733778000,5263487082673,False
left,44814142,12,1772205326043869409,left_000012_1772205326043869409.png,12,2,1772205325783663000,5263537011690,False
right,44814140,12,1772205326051506291,right_000012_1772205326051506291.png,12,2,1772205325783644000,5263537004161,False
left,44814142,13,1772205326126903550,left_000013_1772205326126903550.png,13,2,1772205325833698000,5263587044466,False
right,44814140,13,1772205326130271605,right_000013_1772205326130271605.png,13,2,1772205325833706000,5263587037297,False
left,44814142,14,1772205326209221857,left_000014_1772205326209221857.png,14,2,1772205325893401000,5263637244762,False
right,44814140,14,1772205326211396989,right_000014_1772205326211396989.png,14,3,1772205325983971000,5263737304273,False
left,44814142,15,1772205326292796249,left_000015_1772205326292796249.png,15,3,1772205326044258000,5263787873587,False
right,44814140,15,1772205326299099081,right_000015_1772205326299099081.png,15,3,1772205326034566000,5263787867905,False
left,44814142,16,1772205326376255034,left_000016_1772205326376255034.png,16,3,1772205326084116000,5263837487561,False
right,44814140,16,1772205326378774565,right_000016_1772205326378774565.png,16,3,1772205326084148000,5263837482241,False
left,44814142,17,1772205326457659116,left_000017_1772205326457659116.png,17,3,1772205326134337000,5263887687905,False
right,44814140,17,1772205326459444385,right_000017_1772205326459444385.png,17,3,1772205326134368000,5263887682913,False
left,44814142,18,1772205326538765285,left_000018_1772205326538765285.png,18,4,1772205326293054000,5264038232954,False
right,44814140,18,1772205326540685612,right_000018_1772205326540685612.png,18,5,1772205326334529000,5264087871345,False
left,44814142,19,1772205326618693670,left_000019_1772205326618693670.png,19,4,1772205326334487000,5264087846944,False
right,44814140,19,1772205326619953002,right_000019_1772205326619953002.png,19,5,1772205326384628000,5264138016161,False
left,44814142,20,1772205326698969220,left_000020_1772205326698969220.png,20,4,1772205326384575000,5264138019336,False
right,44814140,20,1772205326700156667,right_000020_1772205326700156667.png,20,5,1772205326436699000,5264188244769,False
left,44814142,21,1772205326781411459,left_000021_1772205326781411459.png,21,5,1772205326540147000,5264288201472,False
right,44814140,21,1772205326782267383,right_000021_1772205326782267383.png,21,5,1772205326484711000,5264238082465,False
left,44814142,22,1772205326864013815,left_000022_1772205326864013815.png,22,5,1772205326584911000,5264338290120,False
right,44814140,22,1772205326865564909,right_000022_1772205326865564909.png,22,5,1772205326541604000,5264288227297,False
left,44814142,23,1772205326945512067,left_000023_1772205326945512067.png,23,5,1772205326634948000,5264388294957,False
right,44814140,23,1772205326947084219,right_000023_1772205326947084219.png,23,7,1772205326735215000,5264488527425,False
left,44814142,24,1772205327027613254,left_000024_1772205327027613254.png,24,6,1772205326785341000,5264538700453,False
right,44814140,24,1772205327029772474,right_000024_1772205327029772474.png,24,7,1772205326785339000,5264538700177,False
left,44814142,25,1772205327103437742,left_000025_1772205327103437742.png,25,6,1772205326835561000,5264589012446,False
right,44814140,25,1772205327106176834,right_000025_1772205327106176834.png,25,7,1772205326835582000,5264589012545,False
left,44814142,26,1772205327186061769,left_000026_1772205327186061769.png,26,6,1772205326885286000,5264638766037,False
right,44814140,26,1772205327187807148,right_000026_1772205327187807148.png,26,7,1772205326885285000,5264638766481,False
left,44814142,27,1772205327270911131,left_000027_1772205327270911131.png,27,6,1772205326946158000,5264689189710,False
right,44814140,27,1772205327272815236,right_000027_1772205327272815236.png,27,8,1772205327035615000,5264788977569,False
left,44814142,28,1772205327353190061,left_000028_1772205327353190061.png,28,6,1772205327035615000,5264788976093,False
right,44814140,28,1772205327355782214,right_000028_1772205327355782214.png,28,8,1772205327087645000,5264839345777,False
left,44814142,29,1772205327436833259,left_000029_1772205327436833259.png,29,7,1772205327186199000,5264939493289,False
right,44814140,29,1772205327439551027,right_000029_1772205327439551027.png,29,8,1772205327135718000,5264889071793,False
left,44814142,30,1772205327518856659,left_000030_1772205327518856659.png,30,7,1772205327237704000,5264989302720,False
right,44814140,30,1772205327522368603,right_000030_1772205327522368603.png,30,8,1772205327188251000,5264939495825,False
left,44814142,31,1772205327600019361,left_000031_1772205327600019361.png,31,7,1772205327285992000,5265039363416,False
right,44814140,31,1772205327603358459,right_000031_1772205327603358459.png,31,10,1772205327387587000,5265139488881,False
left,44814142,32,1772205327682174249,left_000032_1772205327682174249.png,32,8,1772205327436598000,5265189964353,False
right,44814140,32,1772205327685572122,right_000032_1772205327685572122.png,32,10,1772205327440062000,5265189940785,False
left,44814142,33,1772205327762816569,left_000033_1772205327762816569.png,33,8,1772205327486314000,5265239690040,False
right,44814140,33,1772205327766385923,right_000033_1772205327766385923.png,33,10,1772205327486311000,5265239694705,False
left,44814142,34,1772205327840033220,left_000034_1772205327840033220.png,34,8,1772205327536283000,5265289750752,False
right,44814140,34,1772205327842996740,right_000034_1772205327842996740.png,34,10,1772205327536262000,5265289755761,False
left,44814142,35,1772205327923085811,left_000035_1772205327923085811.png,35,9,1772205327686670000,5265440044601,False
right,44814140,35,1772205327924910476,right_000035_1772205327924910476.png,35,11,1772205327686660000,5265440050625,False
left,44814142,36,1772205328007332663,left_000036_1772205328007332663.png,36,9,1772205327738218000,5265490049489,False
right,44814140,36,1772205328008105252,right_000036_1772205328008105252.png,36,11,1772205327738095000,5265490055825,False
left,44814142,37,1772205328093201145,left_000037_1772205328093201145.png,37,9,1772205327786660000,5265540082280,False
right,44814140,37,1772205328094884471,right_000037_1772205328094884471.png,37,11,1772205327786658000,5265540061009,False
left,44814142,38,1772205328176561093,left_000038_1772205328176561093.png,38,9,1772205327840262000,5265590589730,False
right,44814140,38,1772205328178598344,right_000038_1772205328178598344.png,38,11,1772205327843234000,5265590596673,False
left,44814142,39,1772205328259952334,left_000039_1772205328259952334.png,39,11,1772205328037182000,5265790581361,False
right,44814140,39,1772205328262042938,right_000039_1772205328262042938.png,39,13,1772205328037182000,5265790561505,False
left,44814142,40,1772205328341727069,left_000040_1772205328341727069.png,40,11,1772205328093551000,5265841172570,False
right,44814140,40,1772205328344039257,right_000040_1772205328344039257.png,40,13,1772205328095257000,5265841180897,False
left,44814142,41,1772205328415257615,left_000041_1772205328415257615.png,41,11,1772205328137256000,5265890758648,False
right,44814140,41,1772205328420196412,right_000041_1772205328420196412.png,41,13,1772205328137291000,5265890739345,False
left,44814142,42,1772205328499101640,left_000042_1772205328499101640.png,42,11,1772205328187474000,5265940931073,False
right,44814140,42,1772205328501827435,right_000042_1772205328501827435.png,42,13,1772205328187462000,5265940912033,False
left,44814142,43,1772205328582648120,left_000043_1772205328582648120.png,43,12,1772205328342730000,5266091029512,False
right,44814140,43,1772205328586027956,right_000043_1772205328586027956.png,43,14,1772205328345206000,5266091039233,False
left,44814142,44,1772205328668925425,left_000044_1772205328668925425.png,44,12,1772205328387686000,5266141118160,False
right,44814140,44,1772205328671161687,right_000044_1772205328671161687.png,44,14,1772205328387686000,5266141100257,False
left,44814142,45,1772205328751619952,left_000045_1772205328751619952.png,45,12,1772205328437585000,5266191095128,False
right,44814140,45,1772205328753731164,right_000045_1772205328753731164.png,45,14,1772205328437598000,5266191105425,False
left,44814142,46,1772205328833056293,left_000046_1772205328833056293.png,46,12,1772205328499485000,5266241630513,False
right,44814140,46,1772205328835447094,right_000046_1772205328835447094.png,46,15,1772205328588328000,5266341735201,False
left,44814142,47,1772205328912006131,left_000047_1772205328912006131.png,47,12,1772205328588350000,5266341724065,False
right,44814140,47,1772205328913600673,right_000047_1772205328913600673.png,47,15,1772205328638383000,5266391740433,False
left,44814142,48,1772205328995943912,left_000048_1772205328995943912.png,48,14,1772205328788567000,5266541967043,False
right,44814140,48,1772205328997929841,right_000048_1772205328997929841.png,48,15,1772205328688312000,5266441717713,False
left,44814142,49,1772205329080416422,left_000049_1772205329080416422.png,49,14,1772205328838622000,5266592083627,False
right,44814140,49,1772205329082197085,right_000049_1772205329082197085.png,49,16,1772205328838648000,5266592096289,False
left,44814142,50,1772205329164384058,left_000050_1772205329164384058.png,50,14,1772205328890373000,5266642144371,False
right,44814140,50,1772205329166479375,right_000050_1772205329166479375.png,50,16,1772205328890543000,5266642129425,False
left,44814142,51,1772205329246913893,left_000051_1772205329246913893.png,51,14,1772205328938615000,5266692093434,False
right,44814140,51,1772205329249212701,right_000051_1772205329249212701.png,51,16,1772205328938589000,5266692078769,False
left,44814142,52,1772205329326158377,left_000052_1772205329326158377.png,52,14,1772205328996224000,5266742405427,False
right,44814140,52,1772205329330014188,right_000052_1772205329330014188.png,52,16,1772205328998422000,5266742419025,False
left,44814142,53,1772205329402800656,left_000053_1772205329402800656.png,53,16,1772205329189010000,5266942424818,False
right,44814140,53,1772205329408340378,right_000053_1772205329408340378.png,53,16,1772205329089027000,5266842429409,False
left,44814142,54,1772205329486201697,left_000054_1772205329486201697.png,54,16,1772205329248056000,5266992625082,False
right,44814140,54,1772205329490566366,right_000054_1772205329490566366.png,54,17,1772205329250042000,5266992640449,False
left,44814142,55,1772205329568910617,left_000055_1772205329568910617.png,55,16,1772205329289208000,5267042629938,False
right,44814140,55,1772205329573089179,right_000055_1772205329573089179.png,55,17,1772205329289175000,5267042617713,False
left,44814142,56,1772205329649622694,left_000056_1772205329649622694.png,56,16,1772205329339275000,5267092690634,False
right,44814140,56,1772205329652910408,right_000056_1772205329652910408.png,56,17,1772205329339275000,5267092706657,False
left,44814142,57,1772205329731706923,left_000057_1772205329731706923.png,57,17,1772205329489866000,5267243347283,False
right,44814140,57,1772205329734675451,right_000057_1772205329734675451.png,57,18,1772205329489839000,5267243336481,False
left,44814142,58,1772205329812202350,left_000058_1772205329812202350.png,58,17,1772205329539757000,5267293240410,False
right,44814140,58,1772205329821919713,right_000058_1772205329821919713.png,58,18,1772205329541623000,5267293257937,False
left,44814142,59,1772205329892022002,left_000059_1772205329892022002.png,59,17,1772205329589703000,5267343189426,False
right,44814140,59,1772205329912069074,right_000059_1772205329912069074.png,59,18,1772205329589710000,5267343179361,False
left,44814142,60,1772205329978288478,left_000060_1772205329978288478.png,60,17,1772205329650344000,5267393641019,False
right,44814140,60,1772205329988738163,right_000060_1772205329988738163.png,60,19,1772205329740196000,5267493613745,False
left,44814142,61,1772205330062531482,left_000061_1772205330062531482.png,61,17,1772205329740188000,5267493594946,False
right,44814140,61,1772205330067308736,right_000061_1772205330067308736.png,61,19,1772205329790194000,5267543591025,False
left,44814142,62,1772205330145164254,left_000062_1772205330145164254.png,62,18,1772205329892482000,5267644112107,False
right,44814140,62,1772205330147996322,right_000062_1772205330147996322.png,62,19,1772205329840182000,5267593624145,False
left,44814142,63,1772205330228926540,left_000063_1772205330228926540.png,63,18,1772205329940339000,5267693781873,False
right,44814140,63,1772205330231180993,right_000063_1772205330231180993.png,63,20,1772205329990558000,5267744002737,False
left,44814142,64,1772205330313001725,left_000064_1772205330313001725.png,64,18,1772205329990515000,5267744010074,False
right,44814140,64,1772205330314751491,right_000064_1772205330314751491.png,64,20,1772205330042563000,5267794342977,False
left,44814142,65,1772205330397475577,left_000065_1772205330397475577.png,65,19,1772205330145499000,5267894499234,False
right,44814140,65,1772205330399815932,right_000065_1772205330399815932.png,65,20,1772205330090557000,5267844013153,False
left,44814142,66,1772205330471116498,left_000066_1772205330471116498.png,66,19,1772205330190708000,5267944252859,False
right,44814140,66,1772205330474277631,right_000066_1772205330474277631.png,66,20,1772205330148509000,5267894493009,False
left,44814142,67,1772205330546292693,left_000067_1772205330546292693.png,67,19,1772205330240938000,5267994397315,False
right,44814140,67,1772205330549403861,right_000067_1772205330549403861.png,67,22,1772205330341195000,5268094597617,False
left,44814142,68,1772205330630997364,left_000068_1772205330630997364.png,68,20,1772205330398715000,5268144663227,False
right,44814140,68,1772205330633384132,right_000068_1772205330633384132.png,68,22,1772205330401107000,5268144658673,False
left,44814142,69,1772205330713149428,left_000069_1772205330713149428.png,69,20,1772205330441328000,5268194751891,False
right,44814140,69,1772205330716017749,right_000069_1772205330716017749.png,69,22,1772205330441332000,5268194747649,False
left,44814142,70,1772205330796563588,left_000070_1772205330796563588.png,70,20,1772205330491348000,5268244784667,False
right,44814140,70,1772205330798822717,right_000070_1772205330798822717.png,70,22,1772205330491352000,5268244780785,False
left,44814142,71,1772205330877324636,left_000071_1772205330877324636.png,71,20,1772205330546548000,5268295208292,False
right,44814140,71,1772205330879665323,right_000071_1772205330879665323.png,71,22,1772205330550048000,5268295204801,False
left,44814142,72,1772205330955606590,left_000072_1772205330955606590.png,72,22,1772205330741832000,5268495311338,False
right,44814140,72,1772205330957276541,right_000072_1772205330957276541.png,72,24,1772205330741836000,5268495309361,False
left,44814142,73,1772205331038841481,left_000073_1772205331038841481.png,73,22,1772205330796843000,5268545734964,False
right,44814140,73,1772205331042891168,right_000073_1772205331042891168.png,73,24,1772205330799400000,5268545733361,False
left,44814142,74,1772205331121667829,left_000074_1772205331121667829.png,74,22,1772205330842165000,5268595600203,False
right,44814140,74,1772205331123932032,right_000074_1772205331123932032.png,74,24,1772205330842187000,5268595598977,False
left,44814142,75,1772205331205558427,left_000075_1772205331205558427.png,75,22,1772205330892162000,5268645632963,False
right,44814140,75,1772205331206913670,right_000075_1772205331206913670.png,75,24,1772205330892212000,5268645632113,False
left,44814142,76,1772205331287688325,left_000076_1772205331287688325.png,76,23,1772205331042607000,5268796149979,False
right,44814140,76,1772205331289195878,right_000076_1772205331289195878.png,76,25,1772205331042650000,5268796150385,False
left,44814142,77,1772205331365107964,left_000077_1772205331365107964.png,77,23,1772205331092777000,5268846210643,False
right,44814140,77,1772205331367617598,right_000077_1772205331367617598.png,77,25,1772205331092801000,5268846211457,False
left,44814142,78,1772205331439317279,left_000078_1772205331439317279.png,78,23,1772205331142697000,5268896159643,False
right,44814140,78,1772205331444096535,right_000078_1772205331444096535.png,78,25,1772205331142712000,5268896160865,False
right,44814140,79,1772205331525129928,right_000079_1772205331525129928.png,79,26,1772205331292991000,5269046427841,False
left,44814142,79,1772205331522578519,left_000079_1772205331522578519.png,79,24,1772205331292986000,5269046425397,False
right,44814140,80,1772205331601799562,right_000080_1772205331601799562.png,80,26,1772205331342995000,5269096433089,False
left,44814142,80,1772205331612287004,left_000080_1772205331612287004.png,80,24,1772205331344735000,5269096430236,False
left,44814142,81,1772205331689205256,left_000081_1772205331689205256.png,81,24,1772205331393072000,5269146518820,False
right,44814140,81,1772205331685818392,right_000081_1772205331685818392.png,81,26,1772205331393075000,5269146494177,False
right,44814140,82,1772205331770151844,right_000082_1772205331770151844.png,82,26,1772205331443390000,5269196890305,False
left,44814142,82,1772205331769159022,left_000082_1772205331769159022.png,82,24,1772205331443376000,5269196886653,False
right,44814140,83,1772205331853353458,right_000083_1772205331853353458.png,83,27,1772205331602049000,5269347324865,False
left,44814142,83,1772205331863116179,left_000083_1772205331863116179.png,83,26,1772205331643606000,5269397101453,False
right,44814140,84,1772205331933804374,right_000084_1772205331933804374.png,84,27,1772205331643620000,5269397106737,False
left,44814142,84,1772205331944898275,left_000084_1772205331944898275.png,84,26,1772205331693913000,5269447385500,False
left,44814142,85,1772205332019673184,left_000085_1772205332019673184.png,85,26,1772205331744185000,5269497613684,False
right,44814140,85,1772205332017969792,right_000085_1772205332017969792.png,85,27,1772205331693911000,5269447363265,False
left,44814142,86,1772205332102720380,left_000086_1772205332102720380.png,86,26,1772205331793989000,5269547450987,False
right,44814140,86,1772205332107881225,right_000086_1772205332107881225.png,86,28,1772205331854343000,5269597630305,False
left,44814142,87,1772205332186580398,left_000087_1772205332186580398.png,87,27,1772205331946122000,5269697856388,False
right,44814140,87,1772205332189521682,right_000087_1772205332189521682.png,87,28,1772205331894213000,5269647635569,False
left,44814142,88,1772205332269659785,left_000088_1772205332269659785.png,88,27,1772205331994573000,5269748112509,False
right,44814140,88,1772205332271880966,right_000088_1772205332271880966.png,88,28,1772205331944327000,5269697864177,False
left,44814142,89,1772205332353242112,left_000089_1772205332353242112.png,89,27,1772205332044362000,5269797921892,False
right,44814140,89,1772205332355597058,right_000089_1772205332355597058.png,89,30,1772205332146191000,5269898136481,False
left,44814142,90,1772205332431013963,left_000090_1772205332431013963.png,90,27,1772205332103087000,5269848233852,False
right,44814140,90,1772205332434063968,right_000090_1772205332434063968.png,90,30,1772205332194990000,5269948448881,False
left,44814142,91,1772205332508090765,left_000091_1772205332508090765.png,91,29,1772205332295040000,5270048532390,False
right,44814140,91,1772205332512078755,right_000091_1772205332512078755.png,91,30,1772205332245274000,5269998649569,False
left,44814142,92,1772205332591143202,left_000092_1772205332591143202.png,92,29,1772205332354520000,5270098648910,False
right,44814140,92,1772205332594170374,right_000092_1772205332594170374.png,92,30,1772205332295055000,5270048515233,False
left,44814142,93,1772205332678480423,left_000093_1772205332678480423.png,93,29,1772205332395180000,5270148709590,False
right,44814140,93,1772205332680474142,right_000093_1772205332680474142.png,93,30,1772205332356643000,5270098660065,False
left,44814142,94,1772205332763366553,left_000094_1772205332763366553.png,94,29,1772205332445303000,5270198770286,False
right,44814140,94,1772205332765599750,right_000094_1772205332765599750.png,94,32,1772205332545413000,5270298960065,False
left,44814142,95,1772205332840098585,left_000095_1772205332840098585.png,95,30,1772205332597821000,5270351297614,False
right,44814140,95,1772205332843934633,right_000095_1772205332843934633.png,95,32,1772205332597841000,5270351282641,False
left,44814142,96,1772205332922345461,left_000096_1772205332922345461.png,96,30,1772205332645725000,5270399320143,False
right,44814140,96,1772205332927684406,right_000096_1772205332927684406.png,96,32,1772205332645735000,5270399305505,False
left,44814142,97,1772205333007595853,left_000097_1772205333007595853.png,97,30,1772205332695787000,5270449352905,False
right,44814140,97,1772205333010488955,right_000097_1772205333010488955.png,97,32,1772205332695808000,5270449366545,False
left,44814142,98,1772205333091530626,left_000098_1772205333091530626.png,98,31,1772205332846200000,5270599646657,False
right,44814140,98,1772205333094212303,right_000098_1772205333094212303.png,98,33,1772205332846216000,5270599661313,False
left,44814142,99,1772205333169951295,left_000099_1772205333169951295.png,99,31,1772205332896285000,5270649791114,False
right,44814140,99,1772205333173024515,right_000099_1772205333173024515.png,99,33,1772205332896335000,5270649778193,False
left,44814142,100,1772205333252628967,left_000100_1772205333252628967.png,100,31,1772205332946221000,5270699712193,False
right,44814140,100,1772205333255426372,right_000100_1772205333255426372.png,100,33,1772205332946194000,5270699699617,False
right,44814140,101,1772205333338756253,right_000101_1772205333338756253.png,101,34,1772205333096599000,5270850078145,False
left,44814142,101,1772205333336652866,left_000101_1772205333336652866.png,101,31,1772205333007922000,5270750135866,False
right,44814140,102,1772205333416034119,right_000102_1772205333416034119.png,102,34,1772205333146623000,5270900167105,False
left,44814142,102,1772205333422810146,left_000102_1772205333422810146.png,102,31,1772205333096559000,5270850061801,False
left,44814142,103,1772205333499323406,left_000103_1772205333499323406.png,103,32,1772205333252961000,5271000467266,False
right,44814140,103,1772205333497376461,right_000103_1772205333497376461.png,103,34,1772205333196570000,5270950088545,False
left,44814142,104,1772205333580547612,left_000104_1772205333580547612.png,104,32,1772205333296723000,5271050248760,False
right,44814140,104,1772205333582136971,right_000104_1772205333582136971.png,104,34,1772205333255826000,5271000456705,False
left,44814142,105,1772205333665148030,left_000105_1772205333665148030.png,105,32,1772205333346794000,5271100309456,False
right,44814140,105,1772205333669827954,right_000105_1772205333669827954.png,105,36,1772205333448513000,5271200477489,False
left,44814142,106,1772205333749802889,left_000106_1772205333749802889.png,106,33,1772205333499764000,5271250910345,False
right,44814140,106,1772205333753145052,right_000106_1772205333753145052.png,106,36,1772205333497398000,5271250901505,False
left,44814142,107,1772205333833555327,left_000107_1772205333833555327.png,107,33,1772205333547237000,5271300719760,False
right,44814140,107,1772205333836776309,right_000107_1772205333836776309.png,107,36,1772205333547243000,5271300711265,False
left,44814142,108,1772205333917323657,left_000108_1772205333917323657.png,108,33,1772205333597286000,5271350780472,False
right,44814140,108,1772205333920309552,right_000108_1772205333920309552.png,108,36,1772205333597305000,5271350772321,False
left,44814142,109,1772205334000650063,left_000109_1772205334000650063.png,109,34,1772205333750072000,5271501521001,False
right,44814140,109,1772205334003558055,right_000109_1772205334003558055.png,109,37,1772205333753584000,5271501513873,False
left,44814142,110,1772205334079507956,left_000110_1772205334079507956.png,110,34,1772205333797770000,5271551302464,False
right,44814140,110,1772205334082499319,right_000110_1772205334082499319.png,110,37,1772205333797760000,5271551295713,False
left,44814142,111,1772205334155964843,left_000111_1772205334155964843.png,111,34,1772205333847947000,5271601474824,False
right,44814140,111,1772205334159460689,right_000111_1772205334159460689.png,111,37,1772205333847981000,5271601468449,False
left,44814142,112,1772205334238823900,left_000112_1772205334238823900.png,112,35,1772205334001933000,5271751740640,False
right,44814140,112,1772205334241505281,right_000112_1772205334241505281.png,112,38,1772205334004871000,5271751735377,False
left,44814142,113,1772205334320518743,left_000113_1772205334320518743.png,113,35,1772205334048263000,5271801773447,False
right,44814140,113,1772205334324161897,right_000113_1772205334324161897.png,113,38,1772205334048262000,5271801768513,False
left,44814142,114,1772205334402275618,left_000114_1772205334402275618.png,114,35,1772205334098212000,5271851750399,False
right,44814140,114,1772205334406318429,right_000114_1772205334406318429.png,114,38,1772205334098275000,5271851773745,False
left,44814142,115,1772205334486993798,left_000115_1772205334486993798.png,115,35,1772205334156197000,5271902285720,False
right,44814140,115,1772205334489816409,right_000115_1772205334489816409.png,115,38,1772205334160241000,5271902309457,False
left,44814142,116,1772205334569995435,left_000116_1772205334569995435.png,116,37,1772205334348576000,5272102165560,False
right,44814140,116,1772205334572512779,right_000116_1772205334572512779.png,116,38,1772205334248670000,5272002180289,False
left,44814142,117,1772205334652719047,left_000117_1772205334652719047.png,117,37,1772205334402539000,5272152700914,False
right,44814140,117,1772205334655533279,right_000117_1772205334655533279.png,117,39,1772205334407139000,5272152698529,False
left,44814142,118,1772205334736624048,left_000118_1772205334736624048.png,118,37,1772205334448754000,5272202342840,False
right,44814140,118,1772205334738365410,right_000118_1772205334738365410.png,118,39,1772205334448763000,5272202340817,False
left,44814142,119,1772205334819000240,left_000119_1772205334819000240.png,119,37,1772205334498938000,5272252431488,False
right,44814140,119,1772205334821028878,right_000119_1772205334821028878.png,119,39,1772205334498938000,5272252429793,False
left,44814142,120,1772205334901755570,left_000120_1772205334901755570.png,120,38,1772205334653069000,5272403144170,False
right,44814140,120,1772205334904155383,right_000120_1772205334904155383.png,120,40,1772205334655958000,5272403143489,False
left,44814142,121,1772205334978128954,left_000121_1772205334978128954.png,121,38,1772205334699338000,5272452841929,False
right,44814140,121,1772205334984845118,right_000121_1772205334984845118.png,121,40,1772205334699360000,5272452841585,False
left,44814142,122,1772205335054532867,left_000122_1772205335054532867.png,122,38,1772205334749370000,5272502986417,False
right,44814140,122,1772205335061307704,right_000122_1772205335061307704.png,122,40,1772205334749371000,5272502958497,False
left,44814142,123,1772205335139751664,left_000123_1772205335139751664.png,123,39,1772205334902996000,5272653084744,False
right,44814140,123,1772205335143118255,right_000123_1772205335143118255.png,123,41,1772205334905148000,5272653085905,False
left,44814142,124,1772205335223315722,left_000124_1772205335223315722.png,124,39,1772205334949671000,5272703201280,False
right,44814140,124,1772205335226201840,right_000124_1772205335226201840.png,124,41,1772205334949675000,5272703202817,False
left,44814142,125,1772205335304305389,left_000125_1772205335304305389.png,125,39,1772205334999634000,5272753178232,False
right,44814140,125,1772205335306350211,right_000125_1772205335306350211.png,125,41,1772205334999641000,5272753180129,False
left,44814142,126,1772205335389001761,left_000126_1772205335389001761.png,126,39,1772205335055400000,5272803490193,False
